Country,iso_country,worldpop_link,meta_link
Afghanistan,AFG,https://data.worldpop.org/GIS/Population/Global_2000_2020/2020/AFG/afg_ppp_2020.tif,no file
Albania,ALB,https://data.worldpop.org/GIS/Population/Global_2000_2020/2020/ALB/alb_ppp_2020.tif,https://data.humdata.org/dataset/c069a2b7-2a1e-44d1-a12e-46e1740b172d/resource/083874a1-28de-45cd-b802-c1b82277c5dd/download/alb_general_2020_geotiff.zip
Algeria,DZA,https://data.worldpop.org/GIS/Population/Global_2000_2020/2020/DZA/dza_ppp_2020.tif,no file
American Samoa,ASM,https://data.worldpop.org/GIS/Population/Global_2000_2020/2020/ASM/asm_ppp_2020.tif,https://data.humdata.org/dataset/abc4f0c3-6ab3-449c-a497-8aa7cd14566b/resource/44975c8e-ed2c-48b1-9a18-705a614917c3/download/asm_general_2020_geotiff.zip
Andorra,AND,https://data.worldpop.org/GIS/Population/Global_2000_2020/2020/AND/and_ppp_2020.tif,no file
Angola,AGO,https://data.worldpop.org/GIS/Population/Global_2000_2020/2020/AGO/ago_ppp_2020.tif,no file
Anguilla,AIA,https://data.worldpop.org/GIS/Population/Global_2000_2020/2020/AIA/aia_ppp_2020.tif,https://data.humdata.org/dataset/1a2cf213-8fa3-44ac-94bd-30bac3f88e98/resource/446fb149-2b80-4df7-84ce-ded6023bc2b6/download/aia_general_2020_geotiff.zip
Antartica,ATA,https://data.worldpop.org/GIS/Population/Global_2000_2020/2020/ATA/ata_ppp_2020.tif,no file
Antigua And Barbuda,ATG,https://data.worldpop.org/GIS/Population/Global_2000_2020/2020/ATG/atg_ppp_2020.tif,https://data.humdata.org/dataset/470e2414-a4d4-4096-8f38-40eebe268179/resource/60d7594f-3c4d-4191-b1b4-16d04ac35bbe/download/atg_general_2020_geotiff.zip
Argentina,ARG,https://data.worldpop.org/GIS/Population/Global_2000_2020/2020/ARG/arg_ppp_2020.tif,https://data.humdata.org/dataset/6cf49080-1226-4eda-8700-a0093cbdfe4d/resource/5c62de88-0fa2-4b6f-81dc-e8c3bdb05cb6/download/population_arg_2018-10-01.zip
Armenia,ARM,https://data.worldpop.org/GIS/Population/Global_2000_2020/2020/ARM/arm_ppp_2020.tif,https://data.humdata.org/dataset/b523d9cd-7167-49dd-b711-fe2033a63fc8/resource/74af95f8-e6b5-449f-bc1e-4bf9a20e8136/download/arm_general_2020_geotiff.zip
Aruba,ABW,https://data.worldpop.org/GIS/Population/Global_2000_2020/2020/ABW/abw_ppp_2020.tif,https://data.humdata.org/dataset/5a6abd1f-9104-40bd-8ae4-5198ae5eacb3/resource/21bffed2-7cc2-4650-8107-0a0b892248ca/download/abw_general_2020_geotiff.zip
Australia,AUS,https://data.worldpop.org/GIS/Population/Global_2000_2020/2020/AUS/aus_ppp_2020.tif,https://data.humdata.org/dataset/5ac850be-31be-4b6d-848c-c477b89b1c85/resource/6a8d9dcb-2c3f-4575-bac0-856d07aaea1c/download/population_aus_northeast_2018-10-01_geotiff.zip
Austria,AUT,https://data.worldpop.org/GIS/Population/Global_2000_2020/2020/AUT/aut_ppp_2020.tif,https://data.humdata.org/dataset/66fa6572-0cf0-493d-8805-02a107169b29/resource/7b0ccb05-21bf-4b6a-9a56-6463e1f15d05/download/aut_general_2020_geotiff.zip
Azerbaijan,AZE,https://data.worldpop.org/GIS/Population/Global_2000_2020/2020/AZE/aze_ppp_2020.tif,no file
Bahamas,BHS,https://data.worldpop.org/GIS/Population/Global_2000_2020/2020/BHS/bhs_ppp_2020.tif,https://data.humdata.org/dataset/ace064e2-79cd-4492-88e8-0bdc82c2a682/resource/e0ee9254-5699-459c-b4c9-199ef8adf5bd/download/bhs_general_2020_geotiff.zip
Bahrain,BHR,https://data.worldpop.org/GIS/Population/Global_2000_2020/2020/BHR/bhr_ppp_2020.tif,no file
Bangladesh,BGD,https://data.worldpop.org/GIS/Population/Global_2000_2020/2020/BGD/bgd_ppp_2020.tif,no file
Barbados,BRB,https://data.worldpop.org/GIS/Population/Global_2000_2020/2020/BRB/brb_ppp_2020.tif,https://data.humdata.org/dataset/ee2abe39-e46b-4708-9204-7320433fc351/resource/b1350aec-a5e0-433e-a695-3370af903304/download/brb_general_2020_geotiff.zip
Belarus,BLR,https://data.worldpop.org/GIS/Population/Global_2000_2020/2020/BLR/blr_ppp_2020.tif,https://data.humdata.org/dataset/a5377191-e756-4864-9ab6-67a867e9ad5e/resource/b665170b-42b7-412d-b028-a737ad9c2d74/download/blr_general_2020_geotiff.zip
Belgium,BEL,https://data.worldpop.org/GIS/Population/Global_2000_2020/2020/BEL/bel_ppp_2020.tif,https://data.humdata.org/dataset/1979ecab-8630-41f3-a826-b2dc71fe0bc4/resource/12305ae3-84cc-4ffe-97a8-f55b2c54dfb5/download/bel_general_2020_geotiff.zip
Belize,BLZ,https://data.worldpop.org/GIS/Population/Global_2000_2020/2020/BLZ/blz_ppp_2020.tif,https://data.humdata.org/dataset/f7d96503-3e3b-457b-afdb-84aecccac0a9/resource/20c77ce9-c8db-491a-94e9-fbd603dee61c/download/blz_general_2020_geotiff.zip
Benin,BEN,https://data.worldpop.org/GIS/Population/Global_2000_2020/2020/BEN/ben_ppp_2020.tif,https://data.humdata.org/dataset/ab712a75-5154-4034-802b-fbbd46c521fa/resource/2de8be7c-89a8-4443-963c-fd85eca054e6/download/ben_general_2020_geotiff.zip
Bermuda,BMU,https://data.worldpop.org/GIS/Population/Global_2000_2020/2020/BMU/bmu_ppp_2020.tif,no file
Bhutan,BTN,https://data.worldpop.org/GIS/Population/Global_2000_2020/2020/BTN/btn_ppp_2020.tif,https://data.humdata.org/dataset/6c7491da-7b56-479d-b9e7-dda1ba905c2f/resource/afc34db6-683e-4e3a-8966-cdf03430f25e/download/btn_population_2020_geotiff.zip
Bolivia (Plurinational State of),BOL,https://data.worldpop.org/GIS/Population/Global_2000_2020/2020/BOL/bol_ppp_2020.tif,https://data.humdata.org/dataset/64f916a6-2f35-4399-8971-25e18fdb09bd/resource/e192c9a8-a209-4dac-8744-31cd60246660/download/bol_general_2020_geotiff.zip
"Bonaire, Saint Eustatius and Saba",BES,https://data.worldpop.org/GIS/Population/Global_2000_2020/2020/BES/bes_ppp_2020.tif,no file
Bosnia And Herzegowina,BIH,https://data.worldpop.org/GIS/Population/Global_2000_2020/2020/BIH/bih_ppp_2020.tif,https://data.humdata.org/dataset/b1aba2dd-6b51-4953-8320-1893757cda3d/resource/6aafdaa9-cbb4-4dd0-8f60-364fe8f8c277/download/bih_general_2020_geotiff.zip
Botswana,BWA,https://data.worldpop.org/GIS/Population/Global_2000_2020/2020/BWA/bwa_ppp_2020.tif,https://data.humdata.org/dataset/d39ba1fa-0be8-41b4-bf48-351b7b7bead7/resource/982c8153-bf3e-4650-b606-ee3ab7c37365/download/bwa_general_2020_geotiff.zip
Bouvet Island,BVT,https://data.worldpop.org/GIS/Population/Global_2000_2020/2020/BVT/bvt_ppp_2020.tif,no file
Brazil,BRA,https://data.worldpop.org/GIS/Population/Global_2000_2020/2020/BRA/bra_ppp_2020.tif,https://data.humdata.org/dataset/c17003d1-47f4-4ec5-8229-2f77aeb114be/resource/17bedf4e-c521-4fe2-865a-1d7c1469b4a5/download/population_bra_northeast_2018-10-01.zip
British Indian Ocean Territory,IOT,https://data.worldpop.org/GIS/Population/Global_2000_2020/2020/IOT/iot_ppp_2020.tif,no file
Brunei Darussalam,BRN,https://data.worldpop.org/GIS/Population/Global_2000_2020/2020/BRN/brn_ppp_2020.tif,https://data.humdata.org/dataset/a4ecd606-4478-4469-8e96-b9b2245206be/resource/de4aa921-03e3-4125-91f7-8d86b1dc1060/download/brn_general_2020_geotiff.zip
Bulgaria,BGR,https://data.worldpop.org/GIS/Population/Global_2000_2020/2020/BGR/bgr_ppp_2020.tif,https://data.humdata.org/dataset/bec879d6-31e4-43af-8316-6fe32a2bf860/resource/4472d3e4-65eb-40c5-8a7e-2c889f720592/download/bgr_general_2020_geotiff.zip
Burkina Faso,BFA,https://data.worldpop.org/GIS/Population/Global_2000_2020/2020/BFA/bfa_ppp_2020.tif,https://data.humdata.org/dataset/cd8aee09-6f16-4c75-9d0a-f7047b625a39/resource/8b32088a-fbc1-4b54-a270-92cdd2da9a14/download/bfa_general_2020_geotiff.zip
Burundi,BDI,https://data.worldpop.org/GIS/Population/Global_2000_2020/2020/BDI/bdi_ppp_2020.tif,https://data.humdata.org/dataset/e6e32bcd-decc-46c1-859a-e773b32fd108/resource/bba1b736-f249-4c15-9163-51ff4c8f0786/download/bdi_general_2020_geotiff.zip
Cabo Verde,CPV,https://data.worldpop.org/GIS/Population/Global_2000_2020/2020/CPV/cpv_ppp_2020.tif,https://data.humdata.org/dataset/4ee7a140-45a6-46cd-b98c-4fdea5e16315/resource/02a9abb6-170f-4a47-b7d8-cbef513109a5/download/cpv_general_2020_geotiff.zip
Cambodia,KHM,https://data.worldpop.org/GIS/Population/Global_2000_2020/2020/KHM/khm_ppp_2020.tif,https://data.humdata.org/dataset/a06c3e7b-8f38-4a99-85a9-f38103112a01/resource/b1a9673d-15f6-45e1-b4ad-113c9de678a6/download/khm_population_2020_geotiff.zip
Cameroon,CMR,https://data.worldpop.org/GIS/Population/Global_2000_2020/2020/CMR/cmr_ppp_2020.tif,https://data.humdata.org/dataset/dcdd6035-b29a-4e6a-8fc4-286ec68bdea1/resource/8f32bbf4-989b-41df-a3ef-22e540a6bb37/download/cmr_general_2020_geotiff.zip
Canada,CAN,https://data.worldpop.org/GIS/Population/Global_2000_2020/2020/CAN/can_ppp_2020.tif,no file
Cayman Islands,CYM,https://data.worldpop.org/GIS/Population/Global_2000_2020/2020/CYM/cym_ppp_2020.tif,https://data.humdata.org/dataset/f00fb8db-8a26-4f23-a18b-018b1c5e0e8b/resource/942537b2-7e53-40c4-ac38-13f0b796e676/download/population_cym_2018-10-01.zip
Central African Republic,CAF,https://data.worldpop.org/GIS/Population/Global_2000_2020/2020/CAF/caf_ppp_2020.tif,https://data.humdata.org/dataset/ca5041cf-abc1-4c74-93a0-17ee3a924f3e/resource/a588e3df-f100-4aee-b27e-3bc52dd1a1b8/download/caf_general_2020_geotiff.zip
Chad,TCD,https://data.worldpop.org/GIS/Population/Global_2000_2020/2020/TCD/tcd_ppp_2020.tif,https://data.humdata.org/dataset/99769693-aa51-406b-881d-dc35884bac45/resource/033ca651-b8dc-4ee1-87a5-7ef7aab2d6ad/download/population_tcd_2018-10-01.zip
Chile,CHL,https://data.worldpop.org/GIS/Population/Global_2000_2020/2020/CHL/chl_ppp_2020.tif,https://data.humdata.org/dataset/dd47e052-02cc-4a3f-972a-421d600b3d85/resource/60e26929-176e-4c64-963b-f9410982023d/download/chl_general_2020_geotiff.zip
China,CHN,https://data.worldpop.org/GIS/Population/Global_2000_2020/2020/CHN/chn_ppp_2020.tif,no file
Colombia,COL,https://data.worldpop.org/GIS/Population/Global_2000_2020/2020/COL/col_ppp_2020.tif,no file
Comoros,COM,https://data.worldpop.org/GIS/Population/Global_2000_2020/2020/COM/com_ppp_2020.tif,https://data.humdata.org/dataset/caef5a31-b0b8-4785-8038-d7da7e1e46d2/resource/6bcc38e2-822e-4786-b60f-005622430887/download/population_com_2018-10-01.zip
Congo,COG,https://data.worldpop.org/GIS/Population/Global_2000_2020/2020/COG/cog_ppp_2020.tif,https://data.humdata.org/dataset/8a0b1ab6-38dc-425b-9782-1e2dc47eb3b8/resource/45bffb36-4481-4458-b580-07f22279c287/download/population_cog_2018-10-01.zip
Cook Islands,COK,https://data.worldpop.org/GIS/Population/Global_2000_2020/2020/COK/cok_ppp_2020.tif,https://data.humdata.org/dataset/c318b1a7-6158-4a3e-9a1d-3737515cd4f1/resource/49e4acd0-5266-4036-89b5-83d9f8b6488f/download/population_cok_2018-10-01_geotiff.zip
Costa Rica,CRI,https://data.worldpop.org/GIS/Population/Global_2000_2020/2020/CRI/cri_ppp_2020.tif,https://data.humdata.org/dataset/56d226ff-d18b-4847-bbf7-1a22aa9cd90e/resource/709186c5-c15e-4ca7-a202-1d57d3f81899/download/cri_general_2020_geotiff.zip
Croatia,HRV,https://data.worldpop.org/GIS/Population/Global_2000_2020/2020/HRV/hrv_ppp_2020.tif,https://data.humdata.org/dataset/40f63dc0-7589-4062-b90e-7ab3f34de6af/resource/4761ff8e-c447-48c3-8717-21b3332ee0e3/download/population_hrv_2019-07-01_geotiff.zip
Cuba,CUB,https://data.worldpop.org/GIS/Population/Global_2000_2020/2020/CUB/cub_ppp_2020.tif,no file
Curaçao,CUW,https://data.worldpop.org/GIS/Population/Global_2000_2020/2020/CUW/cuw_ppp_2020.tif,no file
Cyprus,CYP,https://data.worldpop.org/GIS/Population/Global_2000_2020/2020/CYP/cyp_ppp_2020.tif,no file
Czechia,CZE,https://data.worldpop.org/GIS/Population/Global_2000_2020/2020/CZE/cze_ppp_2020.tif,https://data.humdata.org/dataset/b0f6cd4c-cc17-4814-a854-ca650882ad92/resource/e7a2c68f-7a5a-49d2-9d01-e7da974e03d3/download/cze_general_2020_geotiff.zip
Côte d'Ivoire,CIV,https://data.worldpop.org/GIS/Population/Global_2000_2020/2020/CIV/civ_ppp_2020.tif,https://data.humdata.org/dataset/55da8db5-f23a-489d-8bf4-324fa309c87c/resource/f14b9e0e-c057-46e0-8732-30d14b9239ee/download/civ_general_2020_geotiff.zip
Democratic People's Republic of Korea,PRK,https://data.worldpop.org/GIS/Population/Global_2000_2020/2020/PRK/prk_ppp_2020.tif,no file
Democratic Republic of the Congo,COD,https://data.worldpop.org/GIS/Population/Global_2000_2020/2020/COD/cod_ppp_2020.tif,https://data.humdata.org/dataset/81932f5a-4aa5-4c72-b085-3bde5fef349c/resource/51687557-2934-4d90-98a6-f604a856fdaa/download/cod_general_2020_geotiff.zip
Denmark,DNK,https://data.worldpop.org/GIS/Population/Global_2000_2020/2020/DNK/dnk_ppp_2020.tif,https://data.humdata.org/dataset/c846d97b-4363-469a-b66b-1ac2674913b0/resource/6b8f1b74-8960-4342-9c0d-a5b0099a95da/download/dnk_general_2020_geotiff.zip
Djibouti,DJI,https://data.worldpop.org/GIS/Population/Global_2000_2020/2020/DJI/dji_ppp_2020.tif,https://data.humdata.org/dataset/f419e2e0-8f49-4c91-94d3-0b7a901aaef3/resource/101a1222-1a78-4ed4-af45-4af364bc5a05/download/dji_general_2020_geotiff.zip
Dominica,DMA,https://data.worldpop.org/GIS/Population/Global_2000_2020/2020/DMA/dma_ppp_2020.tif,https://data.humdata.org/dataset/e3fb641d-68c2-481a-b2fb-e6a362439029/resource/ee633cae-5f1d-4bfd-a969-8c0f4808ae5e/download/dma_general_2020_geotiff.zip
Dominican Republic,DOM,https://data.worldpop.org/GIS/Population/Global_2000_2020/2020/DOM/dom_ppp_2020.tif,https://data.humdata.org/dataset/d51ef7a1-7773-46ae-b7d4-23fd0bc6b465/resource/cec66bd4-f7b5-43f4-86ea-b46c357167c1/download/population_dom_2018-10-01.zip
Ecuador,ECU,https://data.worldpop.org/GIS/Population/Global_2000_2020/2020/ECU/ecu_ppp_2020.tif,https://data.humdata.org/dataset/58c3ac3f-febd-4222-8969-59c0fe0e7a0d/resource/e2d1f034-cc0c-44e0-baac-f261f50679f0/download/ecu_general_2020_geotiff.zip
Egypt,EGY,https://data.worldpop.org/GIS/Population/Global_2000_2020/2020/EGY/egy_ppp_2020.tif,https://data.humdata.org/dataset/e5987778-99d2-4243-9cca-2b32f539df86/resource/6fe9955c-5fec-4b6d-8102-5129d1aada3f/download/population_egy_2018-10-01.zip
El Salvador,SLV,https://data.worldpop.org/GIS/Population/Global_2000_2020/2020/SLV/slv_ppp_2020.tif,https://data.humdata.org/dataset/858b2b25-f807-4bef-8385-bff2f053dd1e/resource/bd8717d8-38a8-4d40-aa65-c56ae49d587d/download/population_slv_2018-10-01.zip
Equatorial Guinea,GNQ,https://data.worldpop.org/GIS/Population/Global_2000_2020/2020/GNQ/gnq_ppp_2020.tif,https://data.humdata.org/dataset/b2882f5f-ca1b-4b88-911b-363a90d22146/resource/5f63456d-5e74-47e4-8f21-f1389059e359/download/gnq_general_2020_geotiff.zip
Eritrea,ERI,https://data.worldpop.org/GIS/Population/Global_2000_2020/2020/ERI/eri_ppp_2020.tif,https://data.humdata.org/dataset/5dcd3716-c351-453c-8946-3492f2e81bbd/resource/3cd0aa71-7973-4cb2-aae0-4fc5231e3527/download/eri_general_2020_geotiff.zip
Estonia,EST,https://data.worldpop.org/GIS/Population/Global_2000_2020/2020/EST/est_ppp_2020.tif,https://data.humdata.org/dataset/e53a33d3-c0c3-47b8-b99a-0605ba08deb7/resource/6b980ac1-a3fa-4c05-ae89-62a740bc97b5/download/est_general_2020_geotiff.zip
Eswatini,SWZ,https://data.worldpop.org/GIS/Population/Global_2000_2020/2020/SWZ/swz_ppp_2020.tif,no file
Ethiopia,ETH,https://data.worldpop.org/GIS/Population/Global_2000_2020/2020/ETH/eth_ppp_2020.tif,no file
Falkland Islands (Malvinas),FLK,https://data.worldpop.org/GIS/Population/Global_2000_2020/2020/FLK/flk_ppp_2020.tif,no file
Faroe Islands,FRO,https://data.worldpop.org/GIS/Population/Global_2000_2020/2020/FRO/fro_ppp_2020.tif,https://data.humdata.org/dataset/f6da54c9-430f-41be-a936-5e7e56e273fa/resource/7633ad09-ab0d-445a-b565-6d9725201fe9/download/fro_general_2020_geotiff.zip
Fiji,FJI,https://data.worldpop.org/GIS/Population/Global_2000_2020/2020/FJI/fji_ppp_2020.tif,https://data.humdata.org/dataset/ef2c6a15-156e-44a7-9c71-0c4fe1fac81d/resource/d2f9f340-c138-4636-881e-9950d429187a/download/population_fji_2018-10-01_geotiff.zip
Finland,FIN,https://data.worldpop.org/GIS/Population/Global_2000_2020/2020/FIN/fin_ppp_2020.tif,https://data.humdata.org/dataset/91be6b97-c32f-49b9-9e2d-aa620f05adb4/resource/eafe3401-0df2-4745-a3c3-32977aceb87d/download/fin_general_2020_geotiff.zip
France,FRA,https://data.worldpop.org/GIS/Population/Global_2000_2020/2020/FRA/fra_ppp_2020.tif,https://data.humdata.org/dataset/da0f4294-57ea-473d-98b8-315f1135f793/resource/31b78452-80ab-4b7d-83fd-abac262083ce/download/population_fra_2019-07-01_geotiff.zip
French Guiana,GUF,https://data.worldpop.org/GIS/Population/Global_2000_2020/2020/GUF/guf_ppp_2020.tif,https://data.humdata.org/dataset/6030db92-b637-403b-8aa9-155655e7f8f0/resource/270b4447-ebee-4ead-a594-ba232f3acf4d/download/guf_general_2020_geotiff.zip
French Polynesia,PYF,https://data.worldpop.org/GIS/Population/Global_2000_2020/2020/PYF/pyf_ppp_2020.tif,https://data.humdata.org/dataset/eef51122-205e-4141-8e00-ed30137b2254/resource/fe54280c-aae9-41c2-a5c3-aeec74bd6a0a/download/population_pyf_2018-10-01_geotiff.zip
French Southern Territories,ATF,https://data.worldpop.org/GIS/Population/Global_2000_2020/2020/ATF/atf_ppp_2020.tif,no file
Gabon,GAB,https://data.worldpop.org/GIS/Population/Global_2000_2020/2020/GAB/gab_ppp_2020.tif,https://data.humdata.org/dataset/06eb40c4-a8a3-4f51-8294-25546cfe1d7b/resource/9c911143-627b-4b35-97e9-2efe5b7de5f1/download/gab_general_2020_geotiff.zip
Gambia,GMB,https://data.worldpop.org/GIS/Population/Global_2000_2020/2020/GMB/gmb_ppp_2020.tif,https://data.humdata.org/dataset/e3906ddc-c27d-4269-b1b7-700554fb75ba/resource/8a70fcde-7ff0-422a-a2a8-ef3163f8b476/download/gmb_general_2020_geotiff.zip
Georgia,GEO,https://data.worldpop.org/GIS/Population/Global_2000_2020/2020/GEO/geo_ppp_2020.tif,https://data.humdata.org/dataset/ae294047-fa34-4203-a09d-bcdef5572495/resource/54070857-b91a-4ddd-9e65-44d24dc04fe4/download/geo_general_2020_geotiff.zip
Germany,DEU,https://data.worldpop.org/GIS/Population/Global_2000_2020/2020/DEU/deu_ppp_2020.tif,https://data.humdata.org/dataset/7d08e2b0-b43b-43fd-a6a6-a308f222cdb2/resource/7c02d6ee-1630-42bb-abcd-90bc7b3fa169/download/population_deu_2019-07-01_geotiff.zip
Ghana,GHA,https://data.worldpop.org/GIS/Population/Global_2000_2020/2020/GHA/gha_ppp_2020.tif,no file
Gibraltar,GIB,https://data.worldpop.org/GIS/Population/Global_2000_2020/2020/GIB/gib_ppp_2020.tif,no file
Greece,GRC,https://data.worldpop.org/GIS/Population/Global_2000_2020/2020/GRC/grc_ppp_2020.tif,https://data.humdata.org/dataset/16f0abe9-0ff1-4a69-9b91-132a3179b681/resource/4c8f435d-2c66-421d-9b4c-16b0556f5af3/download/grc_general_2020_geotiff.zip
Greenland,GRL,https://data.worldpop.org/GIS/Population/Global_2000_2020/2020/GRL/grl_ppp_2020.tif,no file
Grenada,GRD,https://data.worldpop.org/GIS/Population/Global_2000_2020/2020/GRD/grd_ppp_2020.tif,https://data.humdata.org/dataset/64c5c465-7d85-4ffe-93a0-78f68b9c91a9/resource/9845dc20-b3b6-4d97-84ef-1912799a039e/download/grd_general_2020_geotiff.zip
Guadeloupe,GLP,https://data.worldpop.org/GIS/Population/Global_2000_2020/2020/GLP/glp_ppp_2020.tif,https://data.humdata.org/dataset/48ae3cdf-2a66-45ec-9388-1144c10a2e44/resource/efa1e8a6-ab6c-4911-a947-273bb737d022/download/glp_general_2020_geotiff.zip
Guam,GUM,https://data.worldpop.org/GIS/Population/Global_2000_2020/2020/GUM/gum_ppp_2020.tif,https://data.humdata.org/dataset/ec4b463e-f79c-4d21-8de1-7207c6f78282/resource/5da60322-4b62-49af-8d07-062ee48972d5/download/gum_general_2020_geotiff.zip
Guatemala,GTM,https://data.worldpop.org/GIS/Population/Global_2000_2020/2020/GTM/gtm_ppp_2020.tif,https://data.humdata.org/dataset/2bdadbd8-c704-4231-8457-9b1dc5ce18b1/resource/dd699b9d-0cce-4092-8793-8698bd658bed/download/gtm_general_2020_geotiff.zip
Guernsey,GGY,https://data.worldpop.org/GIS/Population/Global_2000_2020/2020/GGY/ggy_ppp_2020.tif,https://data.humdata.org/dataset/ef7a86a3-dbdf-41fb-b5b8-67365d25e4d2/resource/80e34151-fdac-4b11-9973-5d867029b408/download/ggy_general_2020_geotiff.zip
Guinea,GIN,https://data.worldpop.org/GIS/Population/Global_2000_2020/2020/GIN/gin_ppp_2020.tif,https://data.humdata.org/dataset/a5d2ae5d-1ac9-42c6-bda6-82a530761555/resource/c14b24db-f3bd-4ed5-90e0-c40ef2876a89/download/gin_general_2020_geotiff.zip
Guinea-Bissau,GNB,https://data.worldpop.org/GIS/Population/Global_2000_2020/2020/GNB/gnb_ppp_2020.tif,https://data.humdata.org/dataset/4c9a5742-52cc-442b-b29b-5d37b819eff4/resource/1f122c4a-6159-474d-9558-e28bdfcfaeb1/download/gnb_general_2020_geotiff.zip
Guyana,GUY,https://data.worldpop.org/GIS/Population/Global_2000_2020/2020/GUY/guy_ppp_2020.tif,https://data.humdata.org/dataset/e8f61f7d-4c4b-40ae-bebe-370c2dd669da/resource/93172335-fd47-4991-8d39-33b95c262e1f/download/guy_general_2020_geotiff.zip
Haiti,HTI,https://data.worldpop.org/GIS/Population/Global_2000_2020/2020/HTI/hti_ppp_2020.tif,https://data.humdata.org/dataset/8647b7d7-84de-4002-8f6c-0ff9c13e5717/resource/95c60564-4254-4659-8ccd-c3330d824bf5/download/population_hti_2018-10-01.zip
Heard And McDonald Islands,HMD,https://data.worldpop.org/GIS/Population/Global_2000_2020/2020/HMD/hmd_ppp_2020.tif,no file
Holy See (Vatican City State),VAT,https://data.worldpop.org/GIS/Population/Global_2000_2020/2020/VAT/vat_ppp_2020.tif,no file
Honduras,HND,https://data.worldpop.org/GIS/Population/Global_2000_2020/2020/HND/hnd_ppp_2020.tif,https://data.humdata.org/dataset/12004697-1c31-487b-a49f-b96e8fd646c9/resource/682d5372-d5eb-4175-9e54-b1dbf5834314/download/population_hnd_2018-10-01.zip
Hong Kong,HKG,https://data.worldpop.org/GIS/Population/Global_2000_2020/2020/HKG/hkg_ppp_2020.tif,https://data.humdata.org/dataset/dfd44ffe-bf3e-4a00-b69d-889e020918f7/resource/995ea9ac-51b4-4f31-b41c-cd6c20524f0a/download/population_hkg_2018-10-01_geotiff.zip
Hungary,HUN,https://data.worldpop.org/GIS/Population/Global_2000_2020/2020/HUN/hun_ppp_2020.tif,no file
Iceland,ISL,https://data.worldpop.org/GIS/Population/Global_2000_2020/2020/ISL/isl_ppp_2020.tif,https://data.humdata.org/dataset/e48cb68b-80d7-40d7-8184-f6dbe73488e4/resource/5b5ff2b2-72df-4f1c-b12e-f10229421dae/download/population_isl_2019-07-01_geotiff.zip
India,IND,https://data.worldpop.org/GIS/Population/Global_2000_2020/2020/IND/ind_ppp_2020.tif,https://data.humdata.org/dataset/2c8cfe67-448f-4a27-94b3-aaa944598cba/resource/e3dbe673-4117-4243-93a8-3366c6e6396b/download/population_ind_pak_general.zip
Indonesia,IDN,https://data.worldpop.org/GIS/Population/Global_2000_2020/2020/IDN/idn_ppp_2020.tif,no file
Iran (Islamic Republic Of),IRN,https://data.worldpop.org/GIS/Population/Global_2000_2020/2020/IRN/irn_ppp_2020.tif,no file
Iraq,IRQ,https://data.worldpop.org/GIS/Population/Global_2000_2020/2020/IRQ/irq_ppp_2020.tif,https://data.humdata.org/dataset/8ed6a074-e44e-4480-a405-8d6d4d4f672a/resource/89fdce6b-b8ed-4cfd-88e8-0d0c34209595/download/population_irq_2019-07-01_geotiff.zip
Ireland,IRL,https://data.worldpop.org/GIS/Population/Global_2000_2020/2020/IRL/irl_ppp_2020.tif,https://data.humdata.org/dataset/51bd8e7b-b7a2-4efa-8f1f-7e2361633945/resource/2e51dfe3-82c7-4ad2-91ba-42ebcd121dab/download/population_irl_2019-07-01_geotiff.zip
Isle of Man,IMN,https://data.worldpop.org/GIS/Population/Global_2000_2020/2020/IMN/imn_ppp_2020.tif,no file
Israel,ISR,https://data.worldpop.org/GIS/Population/Global_2000_2020/2020/ISR/isr_ppp_2020.tif,no file
Italy,ITA,https://data.worldpop.org/GIS/Population/Global_2000_2020/2020/ITA/ita_ppp_2020.tif,no file
Jamaica,JAM,https://data.worldpop.org/GIS/Population/Global_2000_2020/2020/JAM/jam_ppp_2020.tif,https://data.humdata.org/dataset/f45181ca-61b0-4132-bc01-52461944c3aa/resource/a308593f-3bb6-45db-9b2d-710cb193217e/download/population_jam_2018-10-01.zip
Japan,JPN,https://data.worldpop.org/GIS/Population/Global_2000_2020/2020/JPN/jpn_ppp_2020.tif,https://data.humdata.org/dataset/f2b91ef3-de2e-4859-8637-92697cafe865/resource/0319149b-0b81-4f95-8816-492773037ecb/download/jpn_population_2020_geotiff.zip
Jersey,JEY,https://data.worldpop.org/GIS/Population/Global_2000_2020/2020/JEY/jey_ppp_2020.tif,no file
Jordan,JOR,https://data.worldpop.org/GIS/Population/Global_2000_2020/2020/JOR/jor_ppp_2020.tif,https://data.humdata.org/dataset/b05f91f7-1206-49d7-ae57-30daf2973363/resource/0b5bfad1-7fcd-44fb-b97d-04a065ca7abf/download/population_jor_2019-07-01_geotiff.zip
Kazakhstan,KAZ,https://data.worldpop.org/GIS/Population/Global_2000_2020/2020/KAZ/kaz_ppp_2020.tif,https://data.humdata.org/dataset/6c7448f7-2f09-489d-b53a-65a0d3c26289/resource/65e21e2d-6329-4ab8-8ee5-a0ee4e6d49c6/download/population_kaz_2018-10-01_geotiff.zip
Kenya,KEN,https://data.worldpop.org/GIS/Population/Global_2000_2020/2020/KEN/ken_ppp_2020.tif,https://data.humdata.org/dataset/2964b369-c10c-4b55-94a8-495de3fc9858/resource/1271b53b-30be-4c4b-aa27-1bd104506636/download/ken_general_2020_geotiff.zip
Kiribati,KIR,https://data.worldpop.org/GIS/Population/Global_2000_2020/2020/KIR/kir_ppp_2020.tif,https://data.humdata.org/dataset/061e6a48-793e-4999-b500-b390300e37c4/resource/1dd9cf02-24f3-45d8-9a21-46464cce0b9d/download/population_kir_2018-10-01_geotiff.zip
"Korea, Republic Of",KOR,https://data.worldpop.org/GIS/Population/Global_2000_2020/2020/KOR/kor_ppp_2020.tif,https://data.humdata.org/dataset/97777cbe-1a07-4e0c-911a-9f781d4d3874/resource/ec622d97-af6b-4c04-9b50-f6573b003e24/download/population_kor_2018-10-01_geotiff.zip
Kuwait,KWT,https://data.worldpop.org/GIS/Population/Global_2000_2020/2020/KWT/kwt_ppp_2020.tif,https://data.humdata.org/dataset/fa1f8ca3-1e68-4fbf-93ca-a35d7e9f8f6c/resource/eb1b784a-ed29-487b-a737-196fd9559a1b/download/population_kwt_2019-07-01_geotiff.zip
Kyrgyzstan,KGZ,https://data.worldpop.org/GIS/Population/Global_2000_2020/2020/KGZ/kgz_ppp_2020.tif,https://data.humdata.org/dataset/5d8b12a0-1f37-4b03-b1a2-d1c9f88f502b/resource/5ac43bee-1250-46bf-8f05-f4379e3c4c40/download/population_kgz_2018-10-01_geotiff.zip
Lao People's Democratic Republic,LAO,https://data.worldpop.org/GIS/Population/Global_2000_2020/2020/LAO/lao_ppp_2020.tif,https://data.humdata.org/dataset/2d9c5596-151a-4c8d-af6d-4ab3492c6cc7/resource/70c7a422-1716-4f92-849f-c3a1cd3e8368/download/lao_general_2020_geotiff.zip
Latvia,LVA,https://data.worldpop.org/GIS/Population/Global_2000_2020/2020/LVA/lva_ppp_2020.tif,https://data.humdata.org/dataset/957959c4-508d-4193-b6e9-e172c40c7861/resource/675a98ba-5cee-4e5b-89db-f848053d6914/download/population_lva_2019-07-01_geotiff.zip
Lebanon,LBN,https://data.worldpop.org/GIS/Population/Global_2000_2020/2020/LBN/lbn_ppp_2020.tif,https://data.humdata.org/dataset/1786284d-80a1-4d7c-9634-3c88c10603e8/resource/318dde5c-fa7b-453b-a4c1-313cc60dccea/download/population_lbn_2019-07-01_geotiff.zip
Lesotho,LSO,https://data.worldpop.org/GIS/Population/Global_2000_2020/2020/LSO/lso_ppp_2020.tif,https://data.humdata.org/dataset/30582cb9-dc92-45aa-88f8-5501fb748a31/resource/885d1d48-4611-47fc-88f9-8d3832da40b9/download/population_lso_2019-07-01_geotiff.zip
Liberia,LBR,https://data.worldpop.org/GIS/Population/Global_2000_2020/2020/LBR/lbr_ppp_2020.tif,https://data.humdata.org/dataset/253b4335-2ccf-40b7-b94b-08abd40401ec/resource/8cee26d3-4c79-47f0-8657-d7405bdb7448/download/population_lbr_2018-10-01.zip
Libya,LBY,https://data.worldpop.org/GIS/Population/Global_2000_2020/2020/LBY/lby_ppp_2020.tif,https://data.humdata.org/dataset/3aa70182-5982-4161-8651-e68f92f1e0bc/resource/26108697-2cc5-4bfb-abf4-58d850d46667/download/population_lby_2018-10-01.zip
Liechtenstein,LIE,https://data.worldpop.org/GIS/Population/Global_2000_2020/2020/LIE/lie_ppp_2020.tif,https://data.humdata.org/dataset/fa40497b-a3b3-4163-9b6c-73b47c5c26ee/resource/78266a65-a0b1-4139-acef-3aed451e27cb/download/population_lie_2019-07-01_geotiff.zip
Lithuania,LTU,https://data.worldpop.org/GIS/Population/Global_2000_2020/2020/LTU/ltu_ppp_2020.tif,https://data.humdata.org/dataset/be3109b2-3f8b-4a19-b87a-99cb6b440024/resource/f9fb3b41-2f3c-4ce3-9ffc-b2dda44712c2/download/population_ltu_2019-07-01_geotiff.zip
Luxembourg,LUX,https://data.worldpop.org/GIS/Population/Global_2000_2020/2020/LUX/lux_ppp_2020.tif,no file
Macau,MAC,https://data.worldpop.org/GIS/Population/Global_2000_2020/2020/MAC/mac_ppp_2020.tif,no file
Madagascar,MDG,https://data.worldpop.org/GIS/Population/Global_2000_2020/2020/MDG/mdg_ppp_2020.tif,no file
Malawi,MWI,https://data.worldpop.org/GIS/Population/Global_2000_2020/2020/MWI/mwi_ppp_2020.tif,https://data.humdata.org/dataset/8c2c0b1f-66af-4a8e-b30e-59ad2249ee24/resource/d83a3bad-b72a-4e4e-9be9-93b4c654ac0f/download/mwi_general_2020_geotiff.zip
Malaysia,MYS,https://data.worldpop.org/GIS/Population/Global_2000_2020/2020/MYS/mys_ppp_2020.tif,https://data.humdata.org/dataset/f165a732-7125-4321-baad-1b7005ed93d0/resource/e8e63524-9f06-486a-afd8-cbf752073d08/download/population_mys_2018-10-01_geotiff.zip
Maldives,MDV,https://data.worldpop.org/GIS/Population/Global_2000_2020/2020/MDV/mdv_ppp_2020.tif,https://data.humdata.org/dataset/292cc362-edac-4f7a-8598-1fd062d86ef0/resource/b0375504-bb68-4f47-a1d6-905f88156164/download/mdv_population_2020_geotiff.zip
Mali,MLI,https://data.worldpop.org/GIS/Population/Global_2000_2020/2020/MLI/mli_ppp_2020.tif,https://data.humdata.org/dataset/5b502ed7-85d6-429d-8778-53848f31ece7/resource/a4a92579-f03f-4d00-ba18-576e2bd02218/download/population_mli_2018-10-01.zip
Malta,MLT,https://data.worldpop.org/GIS/Population/Global_2000_2020/2020/MLT/mlt_ppp_2020.tif,https://data.humdata.org/dataset/d14c4c1e-b105-46a9-93c6-e7fa56e92ee6/resource/7c9f62cc-6891-4c53-b030-99b607576f2f/download/population_mlt_2019-07-01_geotiff.zip
Marshall Islands,MHL,https://data.worldpop.org/GIS/Population/Global_2000_2020/2020/MHL/mhl_ppp_2020.tif,https://data.humdata.org/dataset/c7673756-c2ea-4747-a3b3-18bc50dbdb34/resource/2bd6498a-cd7e-495b-a1a1-3a482efeb367/download/population_mhl_2018-10-01_geotiff.zip
Martinique,MTQ,https://data.worldpop.org/GIS/Population/Global_2000_2020/2020/MTQ/mtq_ppp_2020.tif,no file
Mauritania,MRT,https://data.worldpop.org/GIS/Population/Global_2000_2020/2020/MRT/mrt_ppp_2020.tif,https://data.humdata.org/dataset/1e5a461c-42c5-407e-86c9-370cd4a802f1/resource/0f121bf4-06f2-4f48-be92-a4d9dd841b97/download/population_mrt_2018-10-01.zip
Mauritius,MUS,https://data.worldpop.org/GIS/Population/Global_2000_2020/2020/MUS/mus_ppp_2020.tif,https://data.humdata.org/dataset/41c58f31-f83a-4010-a2c2-5a816abe9ccb/resource/7fced940-3a90-4541-936f-81d175b8da29/download/population_mus_2018-10-01.zip
Mayotte,MYT,https://data.worldpop.org/GIS/Population/Global_2000_2020/2020/MYT/myt_ppp_2020.tif,https://data.humdata.org/dataset/3c1e01a8-17bd-4b22-96d2-3057eb54c1e6/resource/24a6ae66-fd63-49b5-86da-e329fd853901/download/population_myt_2019-07-01_geotiff.zip
Mexico,MEX,https://data.worldpop.org/GIS/Population/Global_2000_2020/2020/MEX/mex_ppp_2020.tif,https://data.humdata.org/dataset/66ef8eab-b09e-4092-8d0f-2a9bd0727bdd/resource/003a8bf3-f618-4bba-953e-144731593473/download/population_mex_2018-10-01.zip
"Micronesia, Federated States Of",FSM,https://data.worldpop.org/GIS/Population/Global_2000_2020/2020/FSM/fsm_ppp_2020.tif,https://data.humdata.org/dataset/b2fb60af-4354-4897-9791-efc9318373dd/resource/b287fb72-583e-49f6-8813-c76a79027ac6/download/fsm_general_2020_geotiff.zip
"Moldova, Republic Of",MDA,https://data.worldpop.org/GIS/Population/Global_2000_2020/2020/MDA/mda_ppp_2020.tif,no file
Monaco,MCO,https://data.worldpop.org/GIS/Population/Global_2000_2020/2020/MCO/mco_ppp_2020.tif,https://data.humdata.org/dataset/a0342d5c-0f08-4759-b488-4f1989a350d6/resource/b897b8d3-d1c6-4a62-a540-dfadb85be5e6/download/population_mco_2019-07-01_geotiff.zip
Mongolia,MNG,https://data.worldpop.org/GIS/Population/Global_2000_2020/2020/MNG/mng_ppp_2020.tif,https://data.humdata.org/dataset/f86169e7-637d-4168-ba02-0483206e035b/resource/d543b6df-7e68-4c5a-a5c7-455452464424/download/population_mng_2018-10-01_geotiff.zip
Montenegro,MNE,https://data.worldpop.org/GIS/Population/Global_2000_2020/2020/MNE/mne_ppp_2020.tif,no file
Montserrat,MSR,https://data.worldpop.org/GIS/Population/Global_2000_2020/2020/MSR/msr_ppp_2020.tif,https://data.humdata.org/dataset/3ba0a509-4186-4ac1-8bb9-2040e8bf2692/resource/d767b6ce-cfc7-4811-8895-02ffa99139f5/download/population_msr_2018-10-01.zip
Morocco,MAR,https://data.worldpop.org/GIS/Population/Global_2000_2020/2020/MAR/mar_ppp_2020.tif,no file
Mozambique,MOZ,https://data.worldpop.org/GIS/Population/Global_2000_2020/2020/MOZ/moz_ppp_2020.tif,https://data.humdata.org/dataset/fa47f9e0-ee19-4081-b325-f4672cada57d/resource/8debf6d1-970f-4c05-b075-e256e52b14b9/download/population_moz_2019-07-01_geotiff.zip
Myanmar,MMR,https://data.worldpop.org/GIS/Population/Global_2000_2020/2020/MMR/mmr_ppp_2020.tif,no file
Namibia,NAM,https://data.worldpop.org/GIS/Population/Global_2000_2020/2020/NAM/nam_ppp_2020.tif,no file
Nauru,NRU,https://data.worldpop.org/GIS/Population/Global_2000_2020/2020/NRU/nru_ppp_2020.tif,https://data.humdata.org/dataset/ecb31702-827b-4a93-bd6e-149753df2349/resource/03cd9363-13eb-422c-bf72-4bc3504b6288/download/population_nru_2018-10-01_geotiff.zip
Nepal,NPL,https://data.worldpop.org/GIS/Population/Global_2000_2020/2020/NPL/npl_ppp_2020.tif,https://data.humdata.org/dataset/f8d1b3cf-fd3e-4be1-aadb-025466650b4a/resource/96f5afac-b88a-41ab-a388-f0e5bd924f89/download/population_npl_2018-10-01_geotiff.zip
Netherlands,NLD,https://data.worldpop.org/GIS/Population/Global_2000_2020/2020/NLD/nld_ppp_2020.tif,https://data.humdata.org/dataset/f678db99-269d-4244-9db8-a85c8042a27e/resource/058cb979-c1c3-4fad-b85f-29c5e879548c/download/population_nld_2019-07-01_geotiff.zip
New Caledonia,NCL,https://data.worldpop.org/GIS/Population/Global_2000_2020/2020/NCL/ncl_ppp_2020.tif,https://data.humdata.org/dataset/01332b5c-056e-44db-8584-37a5793a54a0/resource/88576696-9d2e-43c1-99d7-2bd2615d4629/download/population_ncl_2018-10-01_geotiff.zip
New Zealand,NZL,https://data.worldpop.org/GIS/Population/Global_2000_2020/2020/NZL/nzl_ppp_2020.tif,https://data.humdata.org/dataset/59ddfd7b-14e6-4309-be2c-f6d197a47e94/resource/21e8e20d-54b4-4039-91ee-b19c40c2ee3e/download/population_nzl_2018-10-01_geotiff.zip
Nicaragua,NIC,https://data.worldpop.org/GIS/Population/Global_2000_2020/2020/NIC/nic_ppp_2020.tif,https://data.humdata.org/dataset/ce1b170e-132c-431e-b338-c536ec0408d9/resource/40eac4b2-c2af-4a64-8b28-03b299ee4d5f/download/population_nic_2018-10-01.zip
Niger,NER,https://data.worldpop.org/GIS/Population/Global_2000_2020/2020/NER/ner_ppp_2020.tif,https://data.humdata.org/dataset/ab6939a8-2546-48db-836e-644150628a2d/resource/d1d523fb-acfe-477a-bae0-6ab4d66b5734/download/population_ner_2018-10-01.zip
Nigeria,NGA,https://data.worldpop.org/GIS/Population/Global_2000_2020/2020/NGA/nga_ppp_2020.tif,https://data.humdata.org/dataset/62ec6c48-2f23-476b-8c1e-e924ad79908d/resource/6eff0694-8fda-4329-8ed3-c81b000b88d4/download/nga_general_2020_geotiff.zip
Niue,NIU,https://data.worldpop.org/GIS/Population/Global_2000_2020/2020/NIU/niu_ppp_2020.tif,no file
Norfolk Island,NFK,https://data.worldpop.org/GIS/Population/Global_2000_2020/2020/NFK/nfk_ppp_2020.tif,no file
North Macedonia,MKD,https://data.worldpop.org/GIS/Population/Global_2000_2020/2020/MKD/mkd_ppp_2020.tif,https://data.humdata.org/dataset/18d6003b-8cef-4962-a423-0c47cc83090c/resource/ddc7a805-94b0-45fb-8439-6c9144f4219e/download/population_mkd_2019-07-01_geotiff.zip
Northern Mariana Islands,MNP,https://data.worldpop.org/GIS/Population/Global_2000_2020/2020/MNP/mnp_ppp_2020.tif,https://data.humdata.org/dataset/83175901-d4c9-4662-8492-5fe17e8035e5/resource/a111413a-19db-4032-b567-57ef8f19f1ce/download/population_mnp_2018-10-01_geotiff.zip
Norway,NOR,https://data.worldpop.org/GIS/Population/Global_2000_2020/2020/NOR/nor_ppp_2020.tif,https://data.humdata.org/dataset/1c1a90c0-17ee-4ee7-bb30-aeca9bd92f51/resource/65ef3c3b-0735-4c09-a9d3-3b8c3ba55c03/download/nor_general_2020_geotiff.zip
Oman,OMN,https://data.worldpop.org/GIS/Population/Global_2000_2020/2020/OMN/omn_ppp_2020.tif,no file
Pakistan,PAK,https://data.worldpop.org/GIS/Population/Global_2000_2020/2020/PAK/pak_ppp_2020.tif,https://data.humdata.org/dataset/2c8cfe67-448f-4a27-94b3-aaa944598cba/resource/e3dbe673-4117-4243-93a8-3366c6e6396b/download/population_ind_pak_general.zip
Palau,PLW,https://data.worldpop.org/GIS/Population/Global_2000_2020/2020/PLW/plw_ppp_2020.tif,https://data.humdata.org/dataset/d25ac5bd-a4d1-450a-b24d-6f1c9b6f6087/resource/df72a9f8-6e59-4759-960e-a3d7dd248907/download/population_plw_2018-10-01_geotiff.zip
Panama,PAN,https://data.worldpop.org/GIS/Population/Global_2000_2020/2020/PAN/pan_ppp_2020.tif,https://data.humdata.org/dataset/d81c3799-411b-426f-98e7-c4782b893612/resource/4e5832f8-a6a8-4cc6-b8e2-de66ef286a73/download/population_pan_2018-10-01.zip
Papua New Guinea,PNG,https://data.worldpop.org/GIS/Population/Global_2000_2020/2020/PNG/png_ppp_2020.tif,no file
Paraguay,PRY,https://data.worldpop.org/GIS/Population/Global_2000_2020/2020/PRY/pry_ppp_2020.tif,https://data.humdata.org/dataset/318c589b-9091-4aa4-b384-351208be71e9/resource/ff7ab5de-5e9a-407f-a2ad-36cf6d3cf68b/download/population_pry_2018-10-01.zip
Peru,PER,https://data.worldpop.org/GIS/Population/Global_2000_2020/2020/PER/per_ppp_2020.tif,https://data.humdata.org/dataset/4e74db39-87f1-4383-9255-eaf8ebceb0c9/resource/41831c01-87e0-4791-ad03-b0764df74528/download/population_per_2018-10-01.zip
Philippines,PHL,https://data.worldpop.org/GIS/Population/Global_2000_2020/2020/PHL/phl_ppp_2020.tif,https://data.humdata.org/dataset/6d9f35c0-4764-49ee-b364-329db0b7a47d/resource/4a178155-b746-4f04-8f1b-2a79cc6f5153/download/population_phl_2018-10-01_geotiff.zip
Pitcairn,PCN,https://data.worldpop.org/GIS/Population/Global_2000_2020/2020/PCN/pcn_ppp_2020.tif,no file
Poland,POL,https://data.worldpop.org/GIS/Population/Global_2000_2020/2020/POL/pol_ppp_2020.tif,no file
Portugal,PRT,https://data.worldpop.org/GIS/Population/Global_2000_2020/2020/PRT/prt_ppp_2020.tif,no file
Puerto Rico,PRI,https://data.worldpop.org/GIS/Population/Global_2000_2020/2020/PRI/pri_ppp_2020.tif,https://data.humdata.org/dataset/ea41b712-e41e-4e84-9f5c-ed342b800355/resource/119f796e-b54a-4161-ad0c-053f6a27c5f6/download/population_pri_2018-10-01.zip
Qatar,QAT,https://data.worldpop.org/GIS/Population/Global_2000_2020/2020/QAT/qat_ppp_2020.tif,no file
Reunion,REU,https://data.worldpop.org/GIS/Population/Global_2000_2020/2020/REU/reu_ppp_2020.tif,https://data.humdata.org/dataset/348b69aa-bf08-40b0-ad32-0b735c58a10d/resource/bb06ab8a-ad60-4f18-9a71-bebd6ced5c72/download/population_reu_2018-10-01.zip
Romania,ROU,https://data.worldpop.org/GIS/Population/Global_2000_2020/2020/ROU/rou_ppp_2020.tif,no file
Russia,RUS,https://data.worldpop.org/GIS/Population/Global_2000_2020/2020/RUS/rus_ppp_2020.tif,no file
Rwanda,RWA,https://data.worldpop.org/GIS/Population/Global_2000_2020/2020/RWA/rwa_ppp_2020.tif,https://data.humdata.org/dataset/0ee1affc-6a90-4ad3-b7eb-166645668fc3/resource/a9013c82-cee9-43aa-a741-75a7595ca4fb/download/rwa_general_2020_geotiff.zip
Saint Barthélemy,BLM,https://data.worldpop.org/GIS/Population/Global_2000_2020/2020/BLM/blm_ppp_2020.tif,no file
Saint Kitts And Nevis,KNA,https://data.worldpop.org/GIS/Population/Global_2000_2020/2020/KNA/kna_ppp_2020.tif,https://data.humdata.org/dataset/0645fa18-489a-4516-8221-91f5c134935b/resource/e7b1c188-99e8-4b6d-99b7-c33c8d2c377f/download/population_kna_2018-10-01.zip
Saint Lucia,LCA,https://data.worldpop.org/GIS/Population/Global_2000_2020/2020/LCA/lca_ppp_2020.tif,https://data.humdata.org/dataset/cc06d3ce-7984-494b-8ad3-bd14e7afd183/resource/c503acf3-aa1c-4516-a460-8a20f2924e74/download/population_lca_2018-10-01.zip
Saint Martin,MAF,https://data.worldpop.org/GIS/Population/Global_2000_2020/2020/MAF/maf_ppp_2020.tif,no file
Saint Vincent And The Grenadines,VCT,https://data.worldpop.org/GIS/Population/Global_2000_2020/2020/VCT/vct_ppp_2020.tif,https://data.humdata.org/dataset/a06f7e33-acab-409b-b244-a0f07b107d49/resource/bffb32d4-9d5a-49e8-be37-26da6d72e4ed/download/population_vct_2018-10-01.zip
Samoa,WSM,https://data.worldpop.org/GIS/Population/Global_2000_2020/2020/WSM/wsm_ppp_2020.tif,https://data.humdata.org/dataset/693a4f64-eeca-4ae6-aa89-b7dd56748dc9/resource/7d107d22-fffc-4cd9-b678-fd1f52d63e02/download/population_wsm_2018-10-01_geotiff.zip
San Marino,SMR,https://data.worldpop.org/GIS/Population/Global_2000_2020/2020/SMR/smr_ppp_2020.tif,https://data.humdata.org/dataset/b8e88655-f5f7-4387-8087-df5da1326283/resource/7111bbc9-1046-427d-b216-9d1c7feeefef/download/population_smr_2019-07-01_geotiff.zip
Sao Tome And Principe,STP,https://data.worldpop.org/GIS/Population/Global_2000_2020/2020/STP/stp_ppp_2020.tif,https://data.humdata.org/dataset/f278f368-99a7-4dd1-a807-8d3655d9e2cc/resource/ce3f5db9-c3fe-49e9-b6cc-9ddf7fd3afda/download/population_stp_2019-07-01_geotiff.zip
Saudi Arabia,SAU,https://data.worldpop.org/GIS/Population/Global_2000_2020/2020/SAU/sau_ppp_2020.tif,https://data.humdata.org/dataset/14b288ca-1855-4025-9f01-41cba548e6f6/resource/44baa2f6-b6d8-4018-b9c6-fd81b493ec22/download/population_sau_2019-07-01_geotiff.zip
Senegal,SEN,https://data.worldpop.org/GIS/Population/Global_2000_2020/2020/SEN/sen_ppp_2020.tif,https://data.humdata.org/dataset/1beb0579-1f09-45d7-9445-c7716cc1609c/resource/8f69ae9d-9aff-42ed-9855-5f1ca46b092d/download/population_sen_2018-10-01.zip
Serbia,SRB,https://data.worldpop.org/GIS/Population/Global_2000_2020/2020/SRB/srb_ppp_2020.tif,https://data.humdata.org/dataset/549e124d-e0aa-4260-b6db-066079f1da26/resource/8d423676-a309-4915-8acb-f39ae7935782/download/population_srb_2019-07-01_geotiff.zip
Seychelles,SYC,https://data.worldpop.org/GIS/Population/Global_2000_2020/2020/SYC/syc_ppp_2020.tif,https://data.humdata.org/dataset/1bcbfcc8-b5c8-4995-aac0-37d9c7ab7f0d/resource/29128f22-9176-4c41-beef-23c8fefcf6b8/download/population_syc_2018-10-01.zip
Sierra Leone,SLE,https://data.worldpop.org/GIS/Population/Global_2000_2020/2020/SLE/sle_ppp_2020.tif,no file
Singapore,SGP,https://data.worldpop.org/GIS/Population/Global_2000_2020/2020/SGP/sgp_ppp_2020.tif,https://data.humdata.org/dataset/a9d030f7-c0be-4ecc-b0f1-9c9b30752095/resource/156e8c21-7132-4038-8464-8e903bd9fc07/download/population_sgp_2018-10-01_geotiff.zip
Sint Maarten,SXM,https://data.worldpop.org/GIS/Population/Global_2000_2020/2020/SXM/sxm_ppp_2020.tif,no file
Slovakia (Slovak Republic),SVK,https://data.worldpop.org/GIS/Population/Global_2000_2020/2020/SVK/svk_ppp_2020.tif,https://data.humdata.org/dataset/12575600-649e-41bd-91ba-bb69e8082cc1/resource/e7e83be6-ca9f-4519-a28d-a97ac9ef5dc7/download/svk_general_2020_geotiff.zip
Slovenia,SVN,https://data.worldpop.org/GIS/Population/Global_2000_2020/2020/SVN/svn_ppp_2020.tif,https://data.humdata.org/dataset/6b504dcc-af4d-470b-8732-95de0a5febd3/resource/d55654ef-8455-44ac-8e05-50f9f5dad208/download/population_svn_2019-07-01_geotiff.zip
Solomon Islands,SLB,https://data.worldpop.org/GIS/Population/Global_2000_2020/2020/SLB/slb_ppp_2020.tif,https://data.humdata.org/dataset/edabfbfd-ae88-414d-acbc-cdeefda09b87/resource/b1d33bfb-0f9d-45c2-8883-562b42b5ffaa/download/population_slb_2018-10-01_geotiff.zip
Somalia,SOM,https://data.worldpop.org/GIS/Population/Global_2000_2020/2020/SOM/som_ppp_2020.tif,no file
South Africa,ZAF,https://data.worldpop.org/GIS/Population/Global_2000_2020/2020/ZAF/zaf_ppp_2020.tif,no file
South Georgia And South S.S.,SGS,https://data.worldpop.org/GIS/Population/Global_2000_2020/2020/SGS/sgs_ppp_2020.tif,no file
South Sudan,SSD,https://data.worldpop.org/GIS/Population/Global_2000_2020/2020/SSD/ssd_ppp_2020.tif,no file
Spain,ESP,https://data.worldpop.org/GIS/Population/Global_2000_2020/2020/ESP/esp_ppp_2020.tif,https://data.humdata.org/dataset/80d0519e-0eaf-4c16-a16c-a10ca837a463/resource/8c0dec2f-06e8-45f7-84e4-c44eddbcb777/download/esp_general_2020_geotiff.zip
Sri Lanka,LKA,https://data.worldpop.org/GIS/Population/Global_2000_2020/2020/LKA/lka_ppp_2020.tif,https://data.humdata.org/dataset/9950abe7-6717-4cfb-97fc-36faa04ad6b8/resource/13b364c6-ab6d-45ff-912d-0d2f184076eb/download/population_lka_2018-10-01_geotiff.zip
St. Helena,SHN,https://data.worldpop.org/GIS/Population/Global_2000_2020/2020/SHN/shn_ppp_2020.tif,no file
St. Pierre And Miquelon,SPM,https://data.worldpop.org/GIS/Population/Global_2000_2020/2020/SPM/spm_ppp_2020.tif,no file
State of Palestine,PSE,https://data.worldpop.org/GIS/Population/Global_2000_2020/2020/PSE/pse_ppp_2020.tif,no file
Sudan,SDN,https://data.worldpop.org/GIS/Population/Global_2000_2020/2020/SDN/sdn_ppp_2020.tif,no file
Suriname,SUR,https://data.worldpop.org/GIS/Population/Global_2000_2020/2020/SUR/sur_ppp_2020.tif,https://data.humdata.org/dataset/cf175051-1680-4ae1-adff-ba6a59b5f4ba/resource/fbe68e1a-f64f-4ffd-96bc-1880a16ae7a8/download/population_sur_2018-10-01.zip
Svalbard And Jan Mayen Islands,SJM,https://data.worldpop.org/GIS/Population/Global_2000_2020/2020/SJM/sjm_ppp_2020.tif,no file
Sweden,SWE,https://data.worldpop.org/GIS/Population/Global_2000_2020/2020/SWE/swe_ppp_2020.tif,https://data.humdata.org/dataset/bdb28c9c-3f48-4740-b6bd-952b2dcf2574/resource/9b6f7654-6f98-4a63-9738-dfcb8f464654/download/swe_general_2020_geotiff.zip
Switzerland,CHE,https://data.worldpop.org/GIS/Population/Global_2000_2020/2020/CHE/che_ppp_2020.tif,https://data.humdata.org/dataset/532fdc39-4398-412e-9dce-e057f403dad1/resource/1d4d3340-1f3f-41eb-8343-a54f0182b494/download/che_general_2020_geotiff.zip
Syrian Arab Republic,SYR,https://data.worldpop.org/GIS/Population/Global_2000_2020/2020/SYR/syr_ppp_2020.tif,no file
"Taiwan, Province Of China",TWN,https://data.worldpop.org/GIS/Population/Global_2000_2020/2020/TWN/twn_ppp_2020.tif,https://data.humdata.org/dataset/d2def60b-e731-4c28-8a80-2fb9084ed2ba/resource/8a3702dd-49ac-400e-9850-29ee50416047/download/population_twn_2018-10-01_geotiff.zip
Tajikistan,TJK,https://data.worldpop.org/GIS/Population/Global_2000_2020/2020/TJK/tjk_ppp_2020.tif,https://data.humdata.org/dataset/d2b6178a-e222-41a7-81f9-a921593f622b/resource/b4e2d072-6489-4d08-8d6b-8fadcaae9fa0/download/population_tjk_2018-10-01_geotiff.zip
Thailand,THA,https://data.worldpop.org/GIS/Population/Global_2000_2020/2020/THA/tha_ppp_2020.tif,https://data.humdata.org/dataset/1ec16b2b-2a1d-4cf7-b766-0460b27b89ea/resource/c45c9659-5708-4e88-a589-6a5a8b0a0d81/download/tha_general_2020_geotiff.zip
Timor-Leste,TLS,https://data.worldpop.org/GIS/Population/Global_2000_2020/2020/TLS/tls_ppp_2020.tif,https://data.humdata.org/dataset/95c6e737-f0b6-47ae-af5c-292838523a34/resource/6a663af2-f7c4-4627-b9ec-b459ac6a5aef/download/tls_population_2020_geotiff.zip
Togo,TGO,https://data.worldpop.org/GIS/Population/Global_2000_2020/2020/TGO/tgo_ppp_2020.tif,https://data.humdata.org/dataset/8cf70048-9c3c-4cbd-b105-145bf5245794/resource/bd118ffb-f959-4766-b9d0-d0ea606d7346/download/population_tgo_2019-07-01_geotiff.zip
Tokelau,TKL,https://data.worldpop.org/GIS/Population/Global_2000_2020/2020/TKL/tkl_ppp_2020.tif,no file
Tonga,TON,https://data.worldpop.org/GIS/Population/Global_2000_2020/2020/TON/ton_ppp_2020.tif,https://data.humdata.org/dataset/dbde80e6-63f3-4c3e-86f9-ad60142240c9/resource/72a55887-c02e-433c-997f-e335fe5dd5f2/download/population_ton_2018-10-01_geotiff.zip
Trinidad And Tobago,TTO,https://data.worldpop.org/GIS/Population/Global_2000_2020/2020/TTO/tto_ppp_2020.tif,https://data.humdata.org/dataset/33a00cd9-eb08-4236-bcad-207a52e20c83/resource/978044d1-876f-46ba-99f2-5d620aeb848f/download/population_tto_2018-10-01.zip
Tunisia,TUN,https://data.worldpop.org/GIS/Population/Global_2000_2020/2020/TUN/tun_ppp_2020.tif,https://data.humdata.org/dataset/0ac92efb-7ec8-44cb-a443-0be3bb781cc4/resource/c4e7847a-5398-44da-a6c9-01e5c9151fb5/download/population_tun_2018-10-01.zip
Turkey,TUR,https://data.worldpop.org/GIS/Population/Global_2000_2020/2020/TUR/tur_ppp_2020.tif,https://data.humdata.org/dataset/dd6ae158-e35b-45e2-8eb8-dca248b8c3d6/resource/9a0963d3-60ad-40e7-83d0-d15d9f492fb4/download/population_turkey_2020_tif.zip
Turkmenistan,TKM,https://data.worldpop.org/GIS/Population/Global_2000_2020/2020/TKM/tkm_ppp_2020.tif,https://data.humdata.org/dataset/84000d56-875c-41c9-aa00-226f5245f32b/resource/77e12496-a2a0-4800-af62-0a4e19d837c9/download/population_tkm_2018-10-01_geotiff.zip
Turks And Caicos Islands,TCA,https://data.worldpop.org/GIS/Population/Global_2000_2020/2020/TCA/tca_ppp_2020.tif,https://data.humdata.org/dataset/9e522af0-abb1-4d72-8c00-5d1220419fa7/resource/a163a664-1ce1-437a-aec0-47f5a52b168c/download/population_tca_2018-10-01.zip
Tuvalu,TUV,https://data.worldpop.org/GIS/Population/Global_2000_2020/2020/TUV/tuv_ppp_2020.tif,https://data.humdata.org/dataset/4add55d4-62f4-43a4-b0c8-5bd039d00b41/resource/e39add10-804f-4b8c-af1e-a344d72c1426/download/population_tuv_2018-10-01_geotiff.zip
U.S. Minor Islands,UMI,https://data.worldpop.org/GIS/Population/Global_2000_2020/2020/UMI/umi_ppp_2020.tif,no file
Uganda,UGA,https://data.worldpop.org/GIS/Population/Global_2000_2020/2020/UGA/uga_ppp_2020.tif,https://data.humdata.org/dataset/b6cfde40-03c6-4ad6-b5d6-b30828b21771/resource/38cb12c0-ad13-42e5-9105-c72ba6e7f236/download/uga_general_2020_geotiff.zip
Ukraine,UKR,https://data.worldpop.org/GIS/Population/Global_2000_2020/2020/UKR/ukr_ppp_2020.tif,no file
United Arab Emirates,ARE,https://data.worldpop.org/GIS/Population/Global_2000_2020/2020/ARE/are_ppp_2020.tif,https://data.humdata.org/dataset/92e524f6-c0a9-4e9a-95df-5fefb6a340e1/resource/ec8196bf-4471-4426-92dd-b49b4779084c/download/are_general_2020_geotiff.zip
United Kingdom,GBR,https://data.worldpop.org/GIS/Population/Global_2000_2020/2020/GBR/gbr_ppp_2020.tif,https://data.humdata.org/dataset/b9a7b4a3-75a7-4de1-b741-27d78e8d0564/resource/9007503c-5bf3-450f-8f3f-ca06682f0192/download/population_gbr_2019-07-01_geotiff.zip
United Republic of Tanzania,TZA,https://data.worldpop.org/GIS/Population/Global_2000_2020/2020/TZA/tza_ppp_2020.tif,https://data.humdata.org/dataset/385d61e2-e5bf-4dc2-87b4-a31030fdb334/resource/73b7df87-b9dc-4d08-988d-07ab8a79581d/download/population_tza_2018-10-01.zip
United States,USA,https://data.worldpop.org/GIS/Population/Global_2000_2020/2020/USA/usa_ppp_2020.tif,no file
Uruguay,URY,https://data.worldpop.org/GIS/Population/Global_2000_2020/2020/URY/ury_ppp_2020.tif,https://data.humdata.org/dataset/61e8075b-5c42-495a-98eb-01b3e819dcb5/resource/4201376a-7f94-4186-ab05-1f4c0240eabc/download/population_ury_2018-10-01.zip
Uzbekistan,UZB,https://data.worldpop.org/GIS/Population/Global_2000_2020/2020/UZB/uzb_ppp_2020.tif,https://data.humdata.org/dataset/fe85f110-9b9d-42b8-884f-6add14ec7bb0/resource/8a2d743a-801d-4215-8b2d-8793672d3f1b/download/population_uzb_2018-10-01_geotiff.zip
Vanuatu,VUT,https://data.worldpop.org/GIS/Population/Global_2000_2020/2020/VUT/vut_ppp_2020.tif,https://data.humdata.org/dataset/111c6dda-37f5-459f-863e-39075f1f4f56/resource/775690b8-e8e0-4479-aabb-f6466ee738ed/download/population_vut_2018-10-01_geotiff.zip
Venezuela,VEN,https://data.worldpop.org/GIS/Population/Global_2000_2020/2020/VEN/ven_ppp_2020.tif,no file
Viet Nam,VNM,https://data.worldpop.org/GIS/Population/Global_2000_2020/2020/VNM/vnm_ppp_2020.tif,https://data.humdata.org/dataset/191b04c5-3dc7-4c2a-8e00-9c0bdfdfbf9d/resource/fade8620-0935-4d26-b0c6-15515dd4bf8b/download/population_vnm_2018-10-01_geotiff.zip
Virgin Islands (British),VGB,https://data.worldpop.org/GIS/Population/Global_2000_2020/2020/VGB/vgb_ppp_2020.tif,https://data.humdata.org/dataset/0b8ad901-2b8f-4a45-ab7e-81fc3962fa0b/resource/7361550c-ee24-4367-bcae-20decaa4f2e1/download/population_vgb_2018-10-01.zip
Virgin Islands (U.S.),VIR,https://data.worldpop.org/GIS/Population/Global_2000_2020/2020/VIR/vir_ppp_2020.tif,https://data.humdata.org/dataset/181292bc-e289-4855-8b64-05655575117f/resource/007396c5-724a-4c8f-a464-95bf35354a48/download/population_vir_2018-10-01.zip
Wallis And Futuna Islands,WLF,https://data.worldpop.org/GIS/Population/Global_2000_2020/2020/WLF/wlf_ppp_2020.tif,https://data.humdata.org/dataset/6f03111f-7f16-4e1e-a9c3-a07b6ce1478b/resource/a5b4e955-18dd-4166-b2e7-df0e4117c116/download/population_wlf_2018-10-01_geotiff.zip
Western Sahara,ESH,https://data.worldpop.org/GIS/Population/Global_2000_2020/2020/ESH/esh_ppp_2020.tif,no file
World,0_Mosaicked,https://data.worldpop.org/GIS/Population/Global_2000_2020/2020/0_Mosaicked/ppp_2020_1km_Aggregated.tif,no file
Yemen,YEM,https://data.worldpop.org/GIS/Population/Global_2000_2020/2020/YEM/yem_ppp_2020.tif,no file
Zambia,ZMB,https://data.worldpop.org/GIS/Population/Global_2000_2020/2020/ZMB/zmb_ppp_2020.tif,https://data.humdata.org/dataset/0f8c218d-73f4-4d6b-b741-014f5d5a4e96/resource/f953c75d-7a68-4291-bac0-b49abd7eda40/download/zmb_general_2020_geotiff.zip
Zimbabwe,ZWE,https://data.worldpop.org/GIS/Population/Global_2000_2020/2020/ZWE/zwe_ppp_2020.tif,no file
Åland Islands,ALA,https://data.worldpop.org/GIS/Population/Global_2000_2020/2020/ALA/ala_ppp_2020.tif,no file
